CustomerID,Annual_Income_k$,Spending_Score_1_100,Age
1,69,73,61
2,57,97,66
3,72,15,57
4,90,64,28
5,55,33,20
6,55,37,23
7,91,35,26
8,75,28,23
9,50,51,26
10,70,29,56
11,50,56,48
12,50,48,49
13,64,44,58
14,21,27,67
15,25,35,29
16,48,68,25
17,39,62,25
18,66,25,67
19,41,52,45
20,31,68,37
21,89,8,64
22,55,63,24
23,61,33,28
24,31,64,37
25,49,30,33
26,62,4,21
27,36,9,23
28,67,51,39
29,47,56,43
30,54,27,20
31,47,65,58
32,97,8,59
33,59,48,31
34,38,19,28
35,76,33,35
36,35,51,29
37,64,28,40
38,20,40,29
39,33,75,30
40,63,35,42
41,74,70,62
42,63,21,68
43,57,63,36
44,53,86,63
45,30,1,53
46,45,30,62
47,50,64,25
48,81,44,46
49,66,59,49
50,24,34,68
51,66,52,61
52,52,46,35
53,46,79,23
54,72,56,35
55,80,58,36
56,78,39,39
57,43,37,54
58,53,39,49
59,66,59,58
60,79,39,20
61,50,57,45
62,56,100,27
63,37,71,68
64,36,41,52
65,76,80,46
66,87,39,32
67,58,1,50
68,80,24,24
69,67,3,29
70,47,41,66
71,67,50,47
72,90,91,38
73,59,58,48
74,91,44,41
75,15,70,37
76,76,1,54
77,61,55,21
78,54,69,45
79,61,13,61
80,20,78,37
81,55,58,41
82,67,39,67
83,89,65,66
84,49,100,68
85,43,54,49
86,49,56,58
87,78,38,53
88,66,28,51
89,49,70,53
90,70,28,19
91,61,51,32
92,79,38,51
93,45,61,53
94,53,58,23
95,52,75,56
96,30,37,59
97,65,43,68
98,65,25,68
99,60,38,29
100,55,59,20
101,31,68,62
102,51,26,35
103,53,71,57
104,43,83,38
105,56,60,32
106,68,96,50
107,97,30,52
108,63,18,43
109,65,5,25
110,58,87,53
111,21,66,65
112,59,48,47
113,61,56,40
114,109,21,59
115,56,100,61
116,66,53,31
117,59,52,31
118,36,68,19
119,82,62,54
120,75,55,22
121,75,30,55
122,41,61,62
123,88,97,58
124,31,83,64
125,71,89,31
126,103,37,56
127,40,25,42
128,48,46,37
129,61,51,19
130,49,77,56
131,28,7,23
132,61,88,34
133,38,46,42
134,69,39,45
135,41,24,19
136,90,8,52
137,44,70,54
138,53,51,22
139,76,17,18
140,35,17,57
141,64,41,29
142,86,91,53
143,27,43,62
144,63,12,40
145,65,43,64
146,75,43,48
147,35,1,28
148,33,48,27
149,70,44,20
150,65,67,31
151,65,96,33
152,66,78,27
153,46,43,46
154,64,22,27
155,65,100,29
156,45,51,47
157,97,50,58
158,69,49,18
159,36,54,22
160,73,46,37
161,40,35,25
162,75,36,60
163,83,49,29
164,43,36,18
165,79,32,37
166,68,52,45
167,76,43,60
168,97,87,54
169,55,1,64
170,44,77,54
171,42,81,29
172,43,1,54
173,58,41,66
174,66,40,66
175,65,14,61
176,76,30,45
177,60,22,64
178,89,93,32
179,54,73,23
180,114,81,61
181,72,68,37
182,42,21,67
183,38,36,31
184,69,62,19
185,55,19,26
186,74,67,54
187,69,43,37
188,58,40,43
189,43,67,46
190,29,61,18
191,51,40,52
192,77,78,23
193,64,22,54
194,35,65,22
195,63,64,50
196,67,42,66
197,42,58,68
198,63,18,31
199,61,73,29
200,37,45,59
201,67,36,37
202,71,76,67
203,81,32,41
204,81,14,60
205,32,11,51
206,41,65,42
207,70,17,67
208,70,93,46
209,70,1,56
210,137,92,48
211,71,55,64
212,82,47,60
213,79,36,67
214,73,59,40
215,53,49,61
216,75,77,55
217,44,52,37
218,55,53,40
219,50,40,62
220,61,48,69
221,106,57,33
222,22,7,67
223,73,16,59
224,27,68,25
225,50,54,67
226,81,45,38
227,61,50,18
228,38,58,25
229,45,36,46
230,73,30,49
231,45,54,55
232,64,25,22
233,60,60,64
234,46,7,39
235,102,75,64
236,72,61,51
237,19,56,18
238,63,74,43
239,46,91,60
240,77,75,27
241,44,3,47
242,57,18,67
243,70,34,35
244,77,50,34
245,35,62,43
246,53,31,25
247,50,54,64
248,46,31,57
249,95,34,66
250,68,14,29
251,34,26,44
252,78,16,25
253,102,25,42
254,80,76,63
255,29,26,21
256,50,100,50
257,85,62,18
258,45,54,36
259,68,28,48
260,75,67,33
261,41,35,31
262,58,53,65
263,15,100,22
264,39,47,58
265,54,78,43
266,35,32,45
267,92,49,19
268,31,94,67
269,51,34,23
270,62,95,26
271,88,67,50
272,31,35,58
273,83,65,42
274,60,74,65
275,40,65,30
276,69,10,26
277,63,31,30
278,47,43,48
279,61,48,58
280,52,65,28
281,62,54,21
282,73,16,51
283,91,59,55
284,35,65,63
285,102,63,21
286,20,77,55
287,56,70,36
288,71,61,23
289,65,48,51
290,47,8,35
291,55,60,30
292,50,55,58
293,48,56,40
294,76,18,36
295,67,22,62
296,46,76,28
297,77,49,18
298,66,67,41
299,76,50,24
300,72,50,42
301,43,73,38
302,48,37,32
303,74,52,18
304,72,38,29
305,59,39,24
306,62,42,32
307,85,55,38
308,48,38,36
309,70,81,46
310,55,27,42
311,55,45,50
312,81,39,66
313,76,86,49
314,76,54,66
315,86,75,52
316,60,12,61
317,73,56,55
318,53,72,43
319,66,52,28
320,57,76,52
321,61,37,25
322,71,85,63
323,43,100,31
324,101,40,27
325,39,38,19
326,35,86,63
327,83,89,26
328,75,36,20
329,72,39,38
330,72,42,43
331,59,16,25
332,42,27,65
333,61,24,19
334,46,30,23
335,79,49,45
336,57,55,46
337,43,88,43
338,53,25,42
339,68,74,29
340,48,44,22
341,43,48,51
342,64,66,65
343,64,21,54
344,49,59,32
345,50,54,61
346,64,62,53
347,31,57,32
348,31,100,60
349,45,34,65
350,55,36,40
351,66,34,23
352,89,36,63
353,77,34,67
354,56,79,61
355,59,85,60
356,39,35,62
357,59,29,38
358,54,61,40
359,66,36,60
360,43,65,33
361,70,55,64
362,90,12,32
363,57,88,42
364,68,94,53
365,73,34,28
366,51,40,68
367,64,57,32
368,60,58,21
369,61,66,38
370,44,100,30
371,60,45,39
372,69,30,36
373,89,15,51
374,79,31,31
375,103,49,21
376,44,94,65
377,77,37,69
378,63,55,63
379,103,49,44
380,43,79,46
381,43,100,64
382,48,36,45
383,17,37,52
384,49,76,25
385,44,67,33
386,63,96,59
387,66,64,53
388,97,41,47
389,79,64,35
390,48,77,19
391,42,70,66
392,69,62,30
393,33,76,21
394,96,79,43
395,83,84,42
396,50,66,47
397,25,45,28
398,87,53,24
399,57,80,48
400,84,29,61
401,28,59,27
402,48,40,56
403,60,50,30
404,60,81,48
405,50,54,24
406,72,51,66
407,38,16,59
408,57,68,59
409,62,66,53
410,70,100,37
411,74,42,21
412,37,55,24
413,29,56,18
414,85,89,61
415,66,47,62
416,45,56,59
417,91,65,64
418,62,54,30
419,83,38,39
420,61,54,38
421,101,76,39
422,95,24,45
423,55,53,26
424,79,32,43
425,72,79,26
426,87,11,32
427,40,36,27
428,73,59,41
429,81,89,59
430,24,48,25
431,36,36,41
432,19,97,33
433,54,13,66
434,74,1,43
435,90,61,44
436,61,37,54
437,92,24,21
438,32,67,67
439,25,56,41
440,58,35,36
441,67,17,53
442,59,71,56
443,18,66,27
444,58,47,42
445,33,96,35
446,73,23,36
447,67,11,53
448,41,32,27
449,49,48,50
450,38,56,67
451,58,43,22
452,79,58,64
453,40,18,66
454,70,86,52
455,49,47,61
456,44,77,51
457,57,58,50
458,39,61,38
459,48,64,34
460,36,61,39
461,99,66,65
462,60,83,54
463,46,54,32
464,64,67,52
465,57,47,45
466,55,86,24
467,72,33,49
468,75,95,28
469,49,48,27
470,48,14,26
471,54,53,31
472,15,32,30
473,29,71,42
474,87,33,19
475,92,38,52
476,55,2,24
477,71,38,38
478,66,1,35
479,121,10,20
480,82,69,59
481,57,69,56
482,40,60,58
483,27,25,66
484,64,48,28
485,44,49,56
486,31,21,41
487,47,87,63
488,38,71,36
489,93,44,21
490,77,50,43
491,59,55,55
492,89,1,59
493,61,43,49
494,42,32,56
495,90,24,62
496,70,42,63
497,39,94,53
498,56,66,57
499,42,35,54
500,32,64,50
